{
    "activate": [
        {
            "body_id": 0,
            "restitution": 0.0007437865133397281,
            "friction_coefficient": 0.6755564212799072,
            "mass": 0.4211510121822357,
            "inertia": [
                [
                    0.10000000149011612,
                    0.0,
                    0.0
                ],
                [
                    0.0,
                    0.10000000149011612,
                    0.0
                ],
                [
                    0.0,
                    0.0,
                    0.10000000149011612
                ]
            ]
        },
        {
            "body_id": 1,
            "restitution": 0.10737980157136917,
            "friction_coefficient": 0.04900624603033066,
            "mass": 1.1052567958831787,
            "inertia": [
                [
                    0.0068914564326405525,
                    0.0,
                    0.0
                ],
                [
                    0.0,
                    0.007731826510280371,
                    0.0
                ],
                [
                    0.0,
                    0.0,
                    0.0027912629302591085
                ]
            ]
        },
        {
            "body_id": 2,
            "restitution": 0.28406956791877747,
            "friction_coefficient": 0.0006319417734630406,
            "mass": 1000.0,
            "inertia": [
                [
                    0.10000000149011612,
                    0.0,
                    0.0
                ],
                [
                    0.0,
                    0.10000000149011612,
                    0.0
                ],
                [
                    0.0,
                    0.0,
                    0.10000000149011612
                ]
            ]
        }
    ]
}