{
    "activate": [
        {
            "body_id": 0,
            "restitution": 0.0005068639293313026,
            "friction_coefficient": 0.6882801055908203,
            "mass": 0.4211510121822357,
            "inertia": [
                [
                    0.10000000149011612,
                    0.0,
                    0.0
                ],
                [
                    0.0,
                    0.10000000149011612,
                    0.0
                ],
                [
                    0.0,
                    0.0,
                    0.10000000149011612
                ]
            ]
        },
        {
            "body_id": 1,
            "restitution": 0.08788154274225235,
            "friction_coefficient": 0.05023247003555298,
            "mass": 1.1056851148605347,
            "inertia": [
                [
                    0.007345999591052532,
                    0.0,
                    0.0
                ],
                [
                    0.0,
                    0.007781647611409426,
                    0.0
                ],
                [
                    0.0,
                    0.0,
                    0.0032933205366134644
                ]
            ]
        },
        {
            "body_id": 2,
            "restitution": 0.23669926822185516,
            "friction_coefficient": 0.0006086514331400394,
            "mass": 1000.0,
            "inertia": [
                [
                    0.10000000149011612,
                    0.0,
                    0.0
                ],
                [
                    0.0,
                    0.10000000149011612,
                    0.0
                ],
                [
                    0.0,
                    0.0,
                    0.10000000149011612
                ]
            ]
        }
    ]
}