{
    "activate": [
        {
            "body_id": 0,
            "restitution": 0.0033711015712469816,
            "friction_coefficient": 0.5849944353103638,
            "mass": 0.4211510121822357,
            "inertia": [
                [
                    0.10000000149011612,
                    0.0,
                    0.0
                ],
                [
                    0.0,
                    0.10000000149011612,
                    0.0
                ],
                [
                    0.0,
                    0.0,
                    0.10000000149011612
                ]
            ]
        },
        {
            "body_id": 1,
            "restitution": 0.14587609469890594,
            "friction_coefficient": 0.07502365112304688,
            "mass": 0.9832763671875,
            "inertia": [
                [
                    0.010006967931985855,
                    0.0,
                    0.0
                ],
                [
                    0.0,
                    0.009969913400709629,
                    0.0
                ],
                [
                    0.0,
                    0.0,
                    0.008965529501438141
                ]
            ]
        },
        {
            "body_id": 2,
            "restitution": 0.3323931097984314,
            "friction_coefficient": 0.011552425101399422,
            "mass": 1000.0,
            "inertia": [
                [
                    0.10000000149011612,
                    0.0,
                    0.0
                ],
                [
                    0.0,
                    0.10000000149011612,
                    0.0
                ],
                [
                    0.0,
                    0.0,
                    0.10000000149011612
                ]
            ]
        }
    ]
}