{
    "activate": [
        {
            "body_id": 0,
            "restitution": 0.0007978049688972533,
            "friction_coefficient": 0.7148926854133606,
            "mass": 0.4211510121822357,
            "inertia": [
                [
                    0.10000000149011612,
                    0.0,
                    0.0
                ],
                [
                    0.0,
                    0.10000000149011612,
                    0.0
                ],
                [
                    0.0,
                    0.0,
                    0.10000000149011612
                ]
            ]
        },
        {
            "body_id": 1,
            "restitution": 0.07870252430438995,
            "friction_coefficient": 0.07604362815618515,
            "mass": 1.0342438220977783,
            "inertia": [
                [
                    0.008621699176728725,
                    0.0,
                    0.0
                ],
                [
                    0.0,
                    0.008408666588366032,
                    0.0
                ],
                [
                    0.0,
                    0.0,
                    0.00666406424716115
                ]
            ]
        },
        {
            "body_id": 2,
            "restitution": 0.2053501009941101,
            "friction_coefficient": 0.001991284778341651,
            "mass": 1000.0,
            "inertia": [
                [
                    0.10000000149011612,
                    0.0,
                    0.0
                ],
                [
                    0.0,
                    0.10000000149011612,
                    0.0
                ],
                [
                    0.0,
                    0.0,
                    0.10000000149011612
                ]
            ]
        }
    ]
}