{
    "activate": [
        {
            "body_id": 0,
            "restitution": 0.0006435856339521706,
            "friction_coefficient": 0.6782456636428833,
            "mass": 0.4211510121822357,
            "inertia": [
                [
                    0.10000000149011612,
                    0.0,
                    0.0
                ],
                [
                    0.0,
                    0.10000000149011612,
                    0.0
                ],
                [
                    0.0,
                    0.0,
                    0.10000000149011612
                ]
            ]
        },
        {
            "body_id": 1,
            "restitution": 0.10117422789335251,
            "friction_coefficient": 0.04997473210096359,
            "mass": 1.1042678356170654,
            "inertia": [
                [
                    0.0076025789603590965,
                    0.0,
                    0.0
                ],
                [
                    0.0,
                    0.007923153229057789,
                    0.0
                ],
                [
                    0.0,
                    0.0,
                    0.0028777061961591244
                ]
            ]
        },
        {
            "body_id": 2,
            "restitution": 0.2692801356315613,
            "friction_coefficient": 0.0006933691911399364,
            "mass": 1000.0,
            "inertia": [
                [
                    0.10000000149011612,
                    0.0,
                    0.0
                ],
                [
                    0.0,
                    0.10000000149011612,
                    0.0
                ],
                [
                    0.0,
                    0.0,
                    0.10000000149011612
                ]
            ]
        }
    ]
}