{
    "activate": [
        {
            "body_id": 0,
            "restitution": 0.0007136283093132079,
            "friction_coefficient": 0.691585123538971,
            "mass": 0.4211510121822357,
            "inertia": [
                [
                    0.10000000149011612,
                    0.0,
                    0.0
                ],
                [
                    0.0,
                    0.10000000149011612,
                    0.0
                ],
                [
                    0.0,
                    0.0,
                    0.10000000149011612
                ]
            ]
        },
        {
            "body_id": 1,
            "restitution": 0.09424719959497452,
            "friction_coefficient": 0.05632873252034187,
            "mass": 1.0865639448165894,
            "inertia": [
                [
                    0.007930750958621502,
                    0.0,
                    0.0
                ],
                [
                    0.0,
                    0.007997981272637844,
                    0.0
                ],
                [
                    0.0,
                    0.0,
                    0.003834415227174759
                ]
            ]
        },
        {
            "body_id": 2,
            "restitution": 0.25059717893600464,
            "friction_coefficient": 0.0009085091878660023,
            "mass": 1000.0,
            "inertia": [
                [
                    0.10000000149011612,
                    0.0,
                    0.0
                ],
                [
                    0.0,
                    0.10000000149011612,
                    0.0
                ],
                [
                    0.0,
                    0.0,
                    0.10000000149011612
                ]
            ]
        }
    ]
}