{
    "activate": [
        {
            "body_id": 0,
            "restitution": 0.0008787668775767088,
            "friction_coefficient": 0.7179305553436279,
            "mass": 0.4211510121822357,
            "inertia": [
                [
                    0.10000000149011612,
                    0.0,
                    0.0
                ],
                [
                    0.0,
                    0.10000000149011612,
                    0.0
                ],
                [
                    0.0,
                    0.0,
                    0.10000000149011612
                ]
            ]
        },
        {
            "body_id": 1,
            "restitution": 0.07947274297475815,
            "friction_coefficient": 0.07832339406013489,
            "mass": 1.0270720720291138,
            "inertia": [
                [
                    0.008446378633379936,
                    0.0,
                    0.0
                ],
                [
                    0.0,
                    0.008351734839379787,
                    0.0
                ],
                [
                    0.0,
                    0.0,
                    0.006679011508822441
                ]
            ]
        },
        {
            "body_id": 2,
            "restitution": 0.20699267089366913,
            "friction_coefficient": 0.0018561807228252292,
            "mass": 1000.0,
            "inertia": [
                [
                    0.10000000149011612,
                    0.0,
                    0.0
                ],
                [
                    0.0,
                    0.10000000149011612,
                    0.0
                ],
                [
                    0.0,
                    0.0,
                    0.10000000149011612
                ]
            ]
        }
    ]
}