{
    "activate": [
        {
            "body_id": 0,
            "restitution": 0.001197328674606979,
            "friction_coefficient": 0.6992236375808716,
            "mass": 0.4211510121822357,
            "inertia": [
                [
                    0.10000000149011612,
                    0.0,
                    0.0
                ],
                [
                    0.0,
                    0.10000000149011612,
                    0.0
                ],
                [
                    0.0,
                    0.0,
                    0.10000000149011612
                ]
            ]
        },
        {
            "body_id": 1,
            "restitution": 0.08849111944437027,
            "friction_coefficient": 0.08505628257989883,
            "mass": 0.9995469450950623,
            "inertia": [
                [
                    0.009179956279695034,
                    0.0,
                    0.0
                ],
                [
                    0.0,
                    0.009014180861413479,
                    0.0
                ],
                [
                    0.0,
                    0.0,
                    0.007852030918002129
                ]
            ]
        },
        {
            "body_id": 2,
            "restitution": 0.22318430244922638,
            "friction_coefficient": 0.004259994253516197,
            "mass": 1000.0,
            "inertia": [
                [
                    0.10000000149011612,
                    0.0,
                    0.0
                ],
                [
                    0.0,
                    0.10000000149011612,
                    0.0
                ],
                [
                    0.0,
                    0.0,
                    0.10000000149011612
                ]
            ]
        }
    ]
}