{
    "activate": [
        {
            "body_id": 0,
            "restitution": 0.0033599326852709055,
            "friction_coefficient": 0.5842921137809753,
            "mass": 0.4211510121822357,
            "inertia": [
                [
                    0.10000000149011612,
                    0.0,
                    0.0
                ],
                [
                    0.0,
                    0.10000000149011612,
                    0.0
                ],
                [
                    0.0,
                    0.0,
                    0.10000000149011612
                ]
            ]
        },
        {
            "body_id": 1,
            "restitution": 0.14589394629001617,
            "friction_coefficient": 0.07479183375835419,
            "mass": 0.9837779998779297,
            "inertia": [
                [
                    0.010008071549236774,
                    0.0,
                    0.0
                ],
                [
                    0.0,
                    0.00996934063732624,
                    0.0
                ],
                [
                    0.0,
                    0.0,
                    0.008965210989117622
                ]
            ]
        },
        {
            "body_id": 2,
            "restitution": 0.3325197100639343,
            "friction_coefficient": 0.011519333347678185,
            "mass": 1000.0,
            "inertia": [
                [
                    0.10000000149011612,
                    0.0,
                    0.0
                ],
                [
                    0.0,
                    0.10000000149011612,
                    0.0
                ],
                [
                    0.0,
                    0.0,
                    0.10000000149011612
                ]
            ]
        }
    ]
}