{
    "activate": [
        {
            "body_id": 0,
            "restitution": 0.011247418820858002,
            "friction_coefficient": 0.6630330085754395,
            "mass": 0.4211510121822357,
            "inertia": [
                [
                    0.10000000149011612,
                    0.0,
                    0.0
                ],
                [
                    0.0,
                    0.10000000149011612,
                    0.0
                ],
                [
                    0.0,
                    0.0,
                    0.10000000149011612
                ]
            ]
        },
        {
            "body_id": 1,
            "restitution": 0.07267122715711594,
            "friction_coefficient": 0.13585607707500458,
            "mass": 0.8019506931304932,
            "inertia": [
                [
                    0.010576244443655014,
                    0.0,
                    0.0
                ],
                [
                    0.0,
                    0.01067264098674059,
                    0.0
                ],
                [
                    0.0,
                    0.0,
                    0.009941553696990013
                ]
            ]
        },
        {
            "body_id": 2,
            "restitution": 0.18386676907539368,
            "friction_coefficient": 0.03823249414563179,
            "mass": 1000.0,
            "inertia": [
                [
                    0.10000000149011612,
                    0.0,
                    0.0
                ],
                [
                    0.0,
                    0.10000000149011612,
                    0.0
                ],
                [
                    0.0,
                    0.0,
                    0.10000000149011612
                ]
            ]
        }
    ]
}