{
    "activate": [
        {
            "body_id": 0,
            "restitution": 0.0007652693311683834,
            "friction_coefficient": 0.6970902681350708,
            "mass": 0.4211510121822357,
            "inertia": [
                [
                    0.10000000149011612,
                    0.0,
                    0.0
                ],
                [
                    0.0,
                    0.10000000149011612,
                    0.0
                ],
                [
                    0.0,
                    0.0,
                    0.10000000149011612
                ]
            ]
        },
        {
            "body_id": 1,
            "restitution": 0.09006743878126144,
            "friction_coefficient": 0.05772848427295685,
            "mass": 1.0854367017745972,
            "inertia": [
                [
                    0.007887372747063637,
                    0.0,
                    0.0
                ],
                [
                    0.0,
                    0.00802848394960165,
                    0.0
                ],
                [
                    0.0,
                    0.0,
                    0.003920953255146742
                ]
            ]
        },
        {
            "body_id": 2,
            "restitution": 0.23933443427085876,
            "friction_coefficient": 0.0009561877814121544,
            "mass": 1000.0,
            "inertia": [
                [
                    0.10000000149011612,
                    0.0,
                    0.0
                ],
                [
                    0.0,
                    0.10000000149011612,
                    0.0
                ],
                [
                    0.0,
                    0.0,
                    0.10000000149011612
                ]
            ]
        }
    ]
}