{
    "activate": [
        {
            "body_id": 0,
            "restitution": 0.0007031675195321441,
            "friction_coefficient": 0.6803780198097229,
            "mass": 0.4211510121822357,
            "inertia": [
                [
                    0.10000000149011612,
                    0.0,
                    0.0
                ],
                [
                    0.0,
                    0.10000000149011612,
                    0.0
                ],
                [
                    0.0,
                    0.0,
                    0.10000000149011612
                ]
            ]
        },
        {
            "body_id": 1,
            "restitution": 0.0956510528922081,
            "friction_coefficient": 0.05042369291186333,
            "mass": 1.1053001880645752,
            "inertia": [
                [
                    0.0074151791632175446,
                    0.0,
                    0.0
                ],
                [
                    0.0,
                    0.007929317653179169,
                    0.0
                ],
                [
                    0.0,
                    0.0,
                    0.002853903453797102
                ]
            ]
        },
        {
            "body_id": 2,
            "restitution": 0.2547145485877991,
            "friction_coefficient": 0.0007210444891825318,
            "mass": 1000.0,
            "inertia": [
                [
                    0.10000000149011612,
                    0.0,
                    0.0
                ],
                [
                    0.0,
                    0.10000000149011612,
                    0.0
                ],
                [
                    0.0,
                    0.0,
                    0.10000000149011612
                ]
            ]
        }
    ]
}