{
    "activate": [
        {
            "body_id": 0,
            "restitution": 0.00046498075244016945,
            "friction_coefficient": 0.70960533618927,
            "mass": 0.4211510121822357,
            "inertia": [
                [
                    0.10000000149011612,
                    0.0,
                    0.0
                ],
                [
                    0.0,
                    0.10000000149011612,
                    0.0
                ],
                [
                    0.0,
                    0.0,
                    0.10000000149011612
                ]
            ]
        },
        {
            "body_id": 1,
            "restitution": 0.0752299427986145,
            "friction_coefficient": 0.054498977959156036,
            "mass": 1.0954906940460205,
            "inertia": [
                [
                    0.006655820179730654,
                    0.0,
                    0.0
                ],
                [
                    0.0,
                    0.0076094456017017365,
                    0.0
                ],
                [
                    0.0,
                    0.0,
                    0.0032885901164263487
                ]
            ]
        },
        {
            "body_id": 2,
            "restitution": 0.2023569792509079,
            "friction_coefficient": 0.0005616556154564023,
            "mass": 1000.0,
            "inertia": [
                [
                    0.10000000149011612,
                    0.0,
                    0.0
                ],
                [
                    0.0,
                    0.10000000149011612,
                    0.0
                ],
                [
                    0.0,
                    0.0,
                    0.10000000149011612
                ]
            ]
        }
    ]
}