{
    "activate": [
        {
            "body_id": 0,
            "restitution": 0.0008387994603253901,
            "friction_coefficient": 0.7150607109069824,
            "mass": 0.4211510121822357,
            "inertia": [
                [
                    0.10000000149011612,
                    0.0,
                    0.0
                ],
                [
                    0.0,
                    0.10000000149011612,
                    0.0
                ],
                [
                    0.0,
                    0.0,
                    0.10000000149011612
                ]
            ]
        },
        {
            "body_id": 1,
            "restitution": 0.07814402133226395,
            "friction_coefficient": 0.07682846486568451,
            "mass": 1.033107042312622,
            "inertia": [
                [
                    0.008668385446071625,
                    0.0,
                    0.0
                ],
                [
                    0.0,
                    0.008444997482001781,
                    0.0
                ],
                [
                    0.0,
                    0.0,
                    0.006713201757520437
                ]
            ]
        },
        {
            "body_id": 2,
            "restitution": 0.20334146916866302,
            "friction_coefficient": 0.0020768395625054836,
            "mass": 1000.0,
            "inertia": [
                [
                    0.10000000149011612,
                    0.0,
                    0.0
                ],
                [
                    0.0,
                    0.10000000149011612,
                    0.0
                ],
                [
                    0.0,
                    0.0,
                    0.10000000149011612
                ]
            ]
        }
    ]
}