{
    "activate": [
        {
            "body_id": 0,
            "restitution": 0.0007626804290339351,
            "friction_coefficient": 0.6954675316810608,
            "mass": 0.4211510121822357,
            "inertia": [
                [
                    0.10000000149011612,
                    0.0,
                    0.0
                ],
                [
                    0.0,
                    0.10000000149011612,
                    0.0
                ],
                [
                    0.0,
                    0.0,
                    0.10000000149011612
                ]
            ]
        },
        {
            "body_id": 1,
            "restitution": 0.07992662489414215,
            "friction_coefficient": 0.06124889850616455,
            "mass": 1.0757499933242798,
            "inertia": [
                [
                    0.008156384341418743,
                    0.0,
                    0.0
                ],
                [
                    0.0,
                    0.008138753473758698,
                    0.0
                ],
                [
                    0.0,
                    0.0,
                    0.005430040415376425
                ]
            ]
        },
        {
            "body_id": 2,
            "restitution": 0.2111559808254242,
            "friction_coefficient": 0.0013085041427984834,
            "mass": 1000.0,
            "inertia": [
                [
                    0.10000000149011612,
                    0.0,
                    0.0
                ],
                [
                    0.0,
                    0.10000000149011612,
                    0.0
                ],
                [
                    0.0,
                    0.0,
                    0.10000000149011612
                ]
            ]
        }
    ]
}