{
    "activate": [
        {
            "body_id": 0,
            "restitution": 0.0005888944142498076,
            "friction_coefficient": 0.6990554928779602,
            "mass": 0.4211510121822357,
            "inertia": [
                [
                    0.10000000149011612,
                    0.0,
                    0.0
                ],
                [
                    0.0,
                    0.10000000149011612,
                    0.0
                ],
                [
                    0.0,
                    0.0,
                    0.10000000149011612
                ]
            ]
        },
        {
            "body_id": 1,
            "restitution": 0.08911184966564178,
            "friction_coefficient": 0.05171193927526474,
            "mass": 1.0990420579910278,
            "inertia": [
                [
                    0.006651681382209063,
                    0.0,
                    0.0
                ],
                [
                    0.0,
                    0.0075748334638774395,
                    0.0
                ],
                [
                    0.0,
                    0.0,
                    0.003295895643532276
                ]
            ]
        },
        {
            "body_id": 2,
            "restitution": 0.2402895987033844,
            "friction_coefficient": 0.000562239729333669,
            "mass": 1000.0,
            "inertia": [
                [
                    0.10000000149011612,
                    0.0,
                    0.0
                ],
                [
                    0.0,
                    0.10000000149011612,
                    0.0
                ],
                [
                    0.0,
                    0.0,
                    0.10000000149011612
                ]
            ]
        }
    ]
}