{
    "activate": [
        {
            "body_id": 0,
            "restitution": 0.0004746393533423543,
            "friction_coefficient": 0.7097820043563843,
            "mass": 0.4211510121822357,
            "inertia": [
                [
                    0.10000000149011612,
                    0.0,
                    0.0
                ],
                [
                    0.0,
                    0.10000000149011612,
                    0.0
                ],
                [
                    0.0,
                    0.0,
                    0.10000000149011612
                ]
            ]
        },
        {
            "body_id": 1,
            "restitution": 0.07929710298776627,
            "friction_coefficient": 0.05287753418087959,
            "mass": 1.0961023569107056,
            "inertia": [
                [
                    0.006184319034218788,
                    0.0,
                    0.0
                ],
                [
                    0.0,
                    0.007407821249216795,
                    0.0
                ],
                [
                    0.0,
                    0.0,
                    0.003377246903255582
                ]
            ]
        },
        {
            "body_id": 2,
            "restitution": 0.2155333012342453,
            "friction_coefficient": 0.0005074488581158221,
            "mass": 1000.0,
            "inertia": [
                [
                    0.10000000149011612,
                    0.0,
                    0.0
                ],
                [
                    0.0,
                    0.10000000149011612,
                    0.0
                ],
                [
                    0.0,
                    0.0,
                    0.10000000149011612
                ]
            ]
        }
    ]
}