{
    "activate": [
        {
            "body_id": 0,
            "restitution": 0.0033284774981439114,
            "friction_coefficient": 0.579445481300354,
            "mass": 0.4211510121822357,
            "inertia": [
                [
                    0.10000000149011612,
                    0.0,
                    0.0
                ],
                [
                    0.0,
                    0.10000000149011612,
                    0.0
                ],
                [
                    0.0,
                    0.0,
                    0.10000000149011612
                ]
            ]
        },
        {
            "body_id": 1,
            "restitution": 0.14572791755199432,
            "friction_coefficient": 0.0734679102897644,
            "mass": 0.9867696762084961,
            "inertia": [
                [
                    0.010008126497268677,
                    0.0,
                    0.0
                ],
                [
                    0.0,
                    0.009968350641429424,
                    0.0
                ],
                [
                    0.0,
                    0.0,
                    0.008962700143456459
                ]
            ]
        },
        {
            "body_id": 2,
            "restitution": 0.33226603269577026,
            "friction_coefficient": 0.011589979752898216,
            "mass": 1000.0,
            "inertia": [
                [
                    0.10000000149011612,
                    0.0,
                    0.0
                ],
                [
                    0.0,
                    0.10000000149011612,
                    0.0
                ],
                [
                    0.0,
                    0.0,
                    0.10000000149011612
                ]
            ]
        }
    ]
}