{
    "activate": [
        {
            "body_id": 0,
            "restitution": 0.0003695439954753965,
            "friction_coefficient": 0.7127020359039307,
            "mass": 0.4211510121822357,
            "inertia": [
                [
                    0.10000000149011612,
                    0.0,
                    0.0
                ],
                [
                    0.0,
                    0.10000000149011612,
                    0.0
                ],
                [
                    0.0,
                    0.0,
                    0.10000000149011612
                ]
            ]
        },
        {
            "body_id": 1,
            "restitution": 0.06974674016237259,
            "friction_coefficient": 0.05291568115353584,
            "mass": 1.1025665998458862,
            "inertia": [
                [
                    0.006279402878135443,
                    0.0,
                    0.0
                ],
                [
                    0.0,
                    0.007402858696877956,
                    0.0
                ],
                [
                    0.0,
                    0.0,
                    0.003170355223119259
                ]
            ]
        },
        {
            "body_id": 2,
            "restitution": 0.18921980261802673,
            "friction_coefficient": 0.0004969585570506752,
            "mass": 1000.0,
            "inertia": [
                [
                    0.10000000149011612,
                    0.0,
                    0.0
                ],
                [
                    0.0,
                    0.10000000149011612,
                    0.0
                ],
                [
                    0.0,
                    0.0,
                    0.10000000149011612
                ]
            ]
        }
    ]
}