{
    "activate": [
        {
            "body_id": 0,
            "restitution": 0.0004232302017044276,
            "friction_coefficient": 0.7082756757736206,
            "mass": 0.4211510121822357,
            "inertia": [
                [
                    0.10000000149011612,
                    0.0,
                    0.0
                ],
                [
                    0.0,
                    0.10000000149011612,
                    0.0
                ],
                [
                    0.0,
                    0.0,
                    0.10000000149011612
                ]
            ]
        },
        {
            "body_id": 1,
            "restitution": 0.0752636194229126,
            "friction_coefficient": 0.05334007740020752,
            "mass": 1.0990570783615112,
            "inertia": [
                [
                    0.0068849422968924046,
                    0.0,
                    0.0
                ],
                [
                    0.0,
                    0.007605966180562973,
                    0.0
                ],
                [
                    0.0,
                    0.0,
                    0.0033360489178448915
                ]
            ]
        },
        {
            "body_id": 2,
            "restitution": 0.20407727360725403,
            "friction_coefficient": 0.0005493885837495327,
            "mass": 1000.0,
            "inertia": [
                [
                    0.10000000149011612,
                    0.0,
                    0.0
                ],
                [
                    0.0,
                    0.10000000149011612,
                    0.0
                ],
                [
                    0.0,
                    0.0,
                    0.10000000149011612
                ]
            ]
        }
    ]
}