{
    "activate": [
        {
            "body_id": 0,
            "restitution": 0.011146089993417263,
            "friction_coefficient": 0.6630834937095642,
            "mass": 0.4211510121822357,
            "inertia": [
                [
                    0.10000000149011612,
                    0.0,
                    0.0
                ],
                [
                    0.0,
                    0.10000000149011612,
                    0.0
                ],
                [
                    0.0,
                    0.0,
                    0.10000000149011612
                ]
            ]
        },
        {
            "body_id": 1,
            "restitution": 0.07265980541706085,
            "friction_coefficient": 0.13588997721672058,
            "mass": 0.8018366694450378,
            "inertia": [
                [
                    0.010575731284916401,
                    0.0,
                    0.0
                ],
                [
                    0.0,
                    0.010672231204807758,
                    0.0
                ],
                [
                    0.0,
                    0.0,
                    0.009940017014741898
                ]
            ]
        },
        {
            "body_id": 2,
            "restitution": 0.1838434636592865,
            "friction_coefficient": 0.03820224106311798,
            "mass": 1000.0,
            "inertia": [
                [
                    0.10000000149011612,
                    0.0,
                    0.0
                ],
                [
                    0.0,
                    0.10000000149011612,
                    0.0
                ],
                [
                    0.0,
                    0.0,
                    0.10000000149011612
                ]
            ]
        }
    ]
}