{
    "activate": [
        {
            "body_id": 0,
            "restitution": 0.0005613184766843915,
            "friction_coefficient": 0.6904194355010986,
            "mass": 0.4211510121822357,
            "inertia": [
                [
                    0.10000000149011612,
                    0.0,
                    0.0
                ],
                [
                    0.0,
                    0.10000000149011612,
                    0.0
                ],
                [
                    0.0,
                    0.0,
                    0.10000000149011612
                ]
            ]
        },
        {
            "body_id": 1,
            "restitution": 0.08453798294067383,
            "friction_coefficient": 0.05100063979625702,
            "mass": 1.104804277420044,
            "inertia": [
                [
                    0.007062143180519342,
                    0.0,
                    0.0
                ],
                [
                    0.0,
                    0.00777447409927845,
                    0.0
                ],
                [
                    0.0,
                    0.0,
                    0.003175887046381831
                ]
            ]
        },
        {
            "body_id": 2,
            "restitution": 0.22677507996559143,
            "friction_coefficient": 0.0006235166802071035,
            "mass": 1000.0,
            "inertia": [
                [
                    0.10000000149011612,
                    0.0,
                    0.0
                ],
                [
                    0.0,
                    0.10000000149011612,
                    0.0
                ],
                [
                    0.0,
                    0.0,
                    0.10000000149011612
                ]
            ]
        }
    ]
}