{
    "activate": [
        {
            "body_id": 0,
            "restitution": 0.0007180253742262721,
            "friction_coefficient": 0.6980942487716675,
            "mass": 0.4211510121822357,
            "inertia": [
                [
                    0.10000000149011612,
                    0.0,
                    0.0
                ],
                [
                    0.0,
                    0.10000000149011612,
                    0.0
                ],
                [
                    0.0,
                    0.0,
                    0.10000000149011612
                ]
            ]
        },
        {
            "body_id": 1,
            "restitution": 0.08166300505399704,
            "friction_coefficient": 0.06196315214037895,
            "mass": 1.0720545053482056,
            "inertia": [
                [
                    0.008137915283441544,
                    0.0,
                    0.0
                ],
                [
                    0.0,
                    0.008102618157863617,
                    0.0
                ],
                [
                    0.0,
                    0.0,
                    0.005350377410650253
                ]
            ]
        },
        {
            "body_id": 2,
            "restitution": 0.21632429957389832,
            "friction_coefficient": 0.0012427553301677108,
            "mass": 1000.0,
            "inertia": [
                [
                    0.10000000149011612,
                    0.0,
                    0.0
                ],
                [
                    0.0,
                    0.10000000149011612,
                    0.0
                ],
                [
                    0.0,
                    0.0,
                    0.10000000149011612
                ]
            ]
        }
    ]
}