{
    "activate": [
        {
            "body_id": 0,
            "restitution": 0.001263763988390565,
            "friction_coefficient": 0.6956616640090942,
            "mass": 0.4211510121822357,
            "inertia": [
                [
                    0.10000000149011612,
                    0.0,
                    0.0
                ],
                [
                    0.0,
                    0.10000000149011612,
                    0.0
                ],
                [
                    0.0,
                    0.0,
                    0.10000000149011612
                ]
            ]
        },
        {
            "body_id": 1,
            "restitution": 0.08913867175579071,
            "friction_coefficient": 0.08411748707294464,
            "mass": 1.0003567934036255,
            "inertia": [
                [
                    0.009154473431408405,
                    0.0,
                    0.0
                ],
                [
                    0.0,
                    0.009018714539706707,
                    0.0
                ],
                [
                    0.0,
                    0.0,
                    0.007876175455749035
                ]
            ]
        },
        {
            "body_id": 2,
            "restitution": 0.22447559237480164,
            "friction_coefficient": 0.004204146098345518,
            "mass": 1000.0,
            "inertia": [
                [
                    0.10000000149011612,
                    0.0,
                    0.0
                ],
                [
                    0.0,
                    0.10000000149011612,
                    0.0
                ],
                [
                    0.0,
                    0.0,
                    0.10000000149011612
                ]
            ]
        }
    ]
}