{
    "activate": [
        {
            "body_id": 0,
            "restitution": 0.00040391224320046604,
            "friction_coefficient": 0.7060333490371704,
            "mass": 0.4211510121822357,
            "inertia": [
                [
                    0.10000000149011612,
                    0.0,
                    0.0
                ],
                [
                    0.0,
                    0.10000000149011612,
                    0.0
                ],
                [
                    0.0,
                    0.0,
                    0.10000000149011612
                ]
            ]
        },
        {
            "body_id": 1,
            "restitution": 0.07673648744821548,
            "friction_coefficient": 0.05105433613061905,
            "mass": 1.1009836196899414,
            "inertia": [
                [
                    0.005495545919984579,
                    0.0,
                    0.0
                ],
                [
                    0.0,
                    0.007212772499769926,
                    0.0
                ],
                [
                    0.0,
                    0.0,
                    0.0030656112357974052
                ]
            ]
        },
        {
            "body_id": 2,
            "restitution": 0.2090718299150467,
            "friction_coefficient": 0.00045272178249433637,
            "mass": 1000.0,
            "inertia": [
                [
                    0.10000000149011612,
                    0.0,
                    0.0
                ],
                [
                    0.0,
                    0.10000000149011612,
                    0.0
                ],
                [
                    0.0,
                    0.0,
                    0.10000000149011612
                ]
            ]
        }
    ]
}