{
    "activate": [
        {
            "body_id": 0,
            "restitution": 0.0008159201825037599,
            "friction_coefficient": 0.6933488249778748,
            "mass": 0.4211510121822357,
            "inertia": [
                [
                    0.10000000149011612,
                    0.0,
                    0.0
                ],
                [
                    0.0,
                    0.10000000149011612,
                    0.0
                ],
                [
                    0.0,
                    0.0,
                    0.10000000149011612
                ]
            ]
        },
        {
            "body_id": 1,
            "restitution": 0.09633313864469528,
            "friction_coefficient": 0.05733850598335266,
            "mass": 1.080519676208496,
            "inertia": [
                [
                    0.007349769119173288,
                    0.0,
                    0.0
                ],
                [
                    0.0,
                    0.00784496683627367,
                    0.0
                ],
                [
                    0.0,
                    0.0,
                    0.003836404997855425
                ]
            ]
        },
        {
            "body_id": 2,
            "restitution": 0.25543445348739624,
            "friction_coefficient": 0.0008152902009896934,
            "mass": 1000.0,
            "inertia": [
                [
                    0.10000000149011612,
                    0.0,
                    0.0
                ],
                [
                    0.0,
                    0.10000000149011612,
                    0.0
                ],
                [
                    0.0,
                    0.0,
                    0.10000000149011612
                ]
            ]
        }
    ]
}