{
    "activate": [
        {
            "body_id": 0,
            "restitution": 0.0012546895304694772,
            "friction_coefficient": 0.6925452947616577,
            "mass": 0.4211510121822357,
            "inertia": [
                [
                    0.10000000149011612,
                    0.0,
                    0.0
                ],
                [
                    0.0,
                    0.10000000149011612,
                    0.0
                ],
                [
                    0.0,
                    0.0,
                    0.10000000149011612
                ]
            ]
        },
        {
            "body_id": 1,
            "restitution": 0.08877146989107132,
            "friction_coefficient": 0.0829022154211998,
            "mass": 1.0034873485565186,
            "inertia": [
                [
                    0.009169423952698708,
                    0.0,
                    0.0
                ],
                [
                    0.0,
                    0.009030120447278023,
                    0.0
                ],
                [
                    0.0,
                    0.0,
                    0.007880201563239098
                ]
            ]
        },
        {
            "body_id": 2,
            "restitution": 0.22341199219226837,
            "friction_coefficient": 0.004279025364667177,
            "mass": 1000.0,
            "inertia": [
                [
                    0.10000000149011612,
                    0.0,
                    0.0
                ],
                [
                    0.0,
                    0.10000000149011612,
                    0.0
                ],
                [
                    0.0,
                    0.0,
                    0.10000000149011612
                ]
            ]
        }
    ]
}