{
    "activate": [
        {
            "body_id": 0,
            "restitution": 0.0008214503759518266,
            "friction_coefficient": 0.6883831024169922,
            "mass": 0.4211510121822357,
            "inertia": [
                [
                    0.10000000149011612,
                    0.0,
                    0.0
                ],
                [
                    0.0,
                    0.10000000149011612,
                    0.0
                ],
                [
                    0.0,
                    0.0,
                    0.10000000149011612
                ]
            ]
        },
        {
            "body_id": 1,
            "restitution": 0.08259967714548111,
            "friction_coefficient": 0.059827253222465515,
            "mass": 1.0744625329971313,
            "inertia": [
                [
                    0.00777408666908741,
                    0.0,
                    0.0
                ],
                [
                    0.0,
                    0.008002001792192459,
                    0.0
                ],
                [
                    0.0,
                    0.0,
                    0.00536922225728631
                ]
            ]
        },
        {
            "body_id": 2,
            "restitution": 0.21837380528450012,
            "friction_coefficient": 0.0011229347437620163,
            "mass": 1000.0,
            "inertia": [
                [
                    0.10000000149011612,
                    0.0,
                    0.0
                ],
                [
                    0.0,
                    0.10000000149011612,
                    0.0
                ],
                [
                    0.0,
                    0.0,
                    0.10000000149011612
                ]
            ]
        }
    ]
}