{
    "activate": [
        {
            "body_id": 0,
            "restitution": 0.0003988291136920452,
            "friction_coefficient": 0.7051641941070557,
            "mass": 0.4211510121822357,
            "inertia": [
                [
                    0.10000000149011612,
                    0.0,
                    0.0
                ],
                [
                    0.0,
                    0.10000000149011612,
                    0.0
                ],
                [
                    0.0,
                    0.0,
                    0.10000000149011612
                ]
            ]
        },
        {
            "body_id": 1,
            "restitution": 0.07185956835746765,
            "friction_coefficient": 0.05187930539250374,
            "mass": 1.104580044746399,
            "inertia": [
                [
                    0.006102915853261948,
                    0.0,
                    0.0
                ],
                [
                    0.0,
                    0.007419928442686796,
                    0.0
                ],
                [
                    0.0,
                    0.0,
                    0.0031791776418685913
                ]
            ]
        },
        {
            "body_id": 2,
            "restitution": 0.19333705306053162,
            "friction_coefficient": 0.0005055081564933062,
            "mass": 1000.0,
            "inertia": [
                [
                    0.10000000149011612,
                    0.0,
                    0.0
                ],
                [
                    0.0,
                    0.10000000149011612,
                    0.0
                ],
                [
                    0.0,
                    0.0,
                    0.10000000149011612
                ]
            ]
        }
    ]
}