{
    "activate": [
        {
            "body_id": 0,
            "restitution": 0.011247423477470875,
            "friction_coefficient": 0.6630333662033081,
            "mass": 0.4211510121822357,
            "inertia": [
                [
                    0.10000000149011612,
                    0.0,
                    0.0
                ],
                [
                    0.0,
                    0.10000000149011612,
                    0.0
                ],
                [
                    0.0,
                    0.0,
                    0.10000000149011612
                ]
            ]
        },
        {
            "body_id": 1,
            "restitution": 0.07267114520072937,
            "friction_coefficient": 0.1358562558889389,
            "mass": 0.8019503951072693,
            "inertia": [
                [
                    0.01057624164968729,
                    0.0,
                    0.0
                ],
                [
                    0.0,
                    0.010672640055418015,
                    0.0
                ],
                [
                    0.0,
                    0.0,
                    0.009941544383764267
                ]
            ]
        },
        {
            "body_id": 2,
            "restitution": 0.18386659026145935,
            "friction_coefficient": 0.038232311606407166,
            "mass": 1000.0,
            "inertia": [
                [
                    0.10000000149011612,
                    0.0,
                    0.0
                ],
                [
                    0.0,
                    0.10000000149011612,
                    0.0
                ],
                [
                    0.0,
                    0.0,
                    0.10000000149011612
                ]
            ]
        }
    ]
}